{
  "FStringUWPFlagUpdateVersion": "2",
  "FIntTerrainOTAMaxTextureSize": 1024,
  "FIntUITextureMaxRenderTextureSize": 1024,
  "FIntMeshContentProviderForceCacheSize": 268435456,
  "FIntDefaultMeshCacheSizeMB": 256,
  "DFIntHttpCurlConnectionCacheSize": 134217728,
  "FIntEmotesAnimationsPerPlayerCacheSize": 16777216,
  "DFIntUserIdPlayerNameCacheSize": 33554432,
  "DFIntUserIdPlayerNameLifetimeSeconds": 86400,
  "DFIntFriendsListCacheExpirationInSeconds": 3600,
  "DFIntTaskSchedulerTargetFps": 5000,
  "FFlagEnableQuickGameLaunch": false,
  "FFlagHandleAltEnterFullscreenManually": false,
  "FFlagDisableNewIGMinDUA": true,
  "FFlagEnableInGameMenuV3": false,
  "FFlagEnableV3MenuABTest3": false,
  "FFlagPreloadAllFonts": true,
  "FFlagPreloadTextureItemsOption4": true,
  "FFlagBatchAssetApi": true,
  "DFLogBatchAssetApiLog": 6,
  "FFlagAnimationClipMemCacheEnabled": true,
  "FFlagFixGraphicsQuality": true,
  "FFlagCommitToGraphicsQualityFix": true,
  "DFFlagQueueDataPingFromSendData": true,
  "FFlagDontCreatePingJob": true,
  "FFlagFastGPULightCulling3": true,
  "DFFlagPredictedOOM": false,
  "DFIntPredictedOOMPercent": 0,
  "FFlagEnableCameraByDefault": false,
  "DFFlagVideoCaptureServiceEnabled": false,
  "FFlagAvatarChatSettingsEnabled2": false,
  "FFlagFacialAnimationStreamingServiceUserSettingsOptInVideo": false,
  "FFlagFacialAnimationStreamingServiceUniverseSettingsEnableVideo": false,  
  "FFlagFacialAnimationStreamingServiceUserSettingsOptInAudio": false,
  "FFlagFacialAnimationStreamingServiceUniverseSettingsEnableAudio": false,
  "DFFlagAvatarChatServiceUserPermissionsAudioOptIn": false,
  "DFFlagAvatarChatServiceUserPermissionsAudioEligible": false,
  "FFlagVoiceChatServiceManagerUseAvatarChat": false,
  "FFlagAvatarChatServiceExposeClientFeaturesForVoiceChat": false,
  "FStringImmersiveAdsUniverseWhitelist": "0",
  "FFlagImmersiveAdsWhitelistDisabled": false,
  "FFlagEnableAdsAPI": false,
  "FFlagAdServiceEnabled": false,
  "FStringGamesUrlPath": "/games/",
  "DFLogHttpTrace": 0,
  "DFLogHttpTraceError": 0,
  "DFLogHttpTraceLight": 0,
  "DFIntDetectCrashEarlyPercentage": 0,
  "FFlagReportFpsAndGfxQualityPercentiles": false,
  "FIntAbuseReportScreenshotMaxSize": 0,
  "DFIntCrashReportingHundredthsPercentage": 0,
  "DFIntCrashUploadToBacktracePercentage": 0,
  "DFFlagESGamePerfMonitorEnabled": false,
  "DFFlagBrowserTrackerIdTelemetryEnabled": false,
  "DFFlagEnableGCapsHardwareTelemetry": false,
  "DFFlagAudioDeviceTelemetry": false,
  "DFFlagEnableHardwareTelemetry": false,
  "DFFlagEphemeralCounterInfluxReportingEnabled": false,
  "DFFlagEnableLightstepReporting2": false,
  "DFStringLightstepHTTPTransportUrlHost": "https://opt-out.roblox.com",
  "DFStringLightstepHTTPTransportUrlPath": "/opt-out",
  "DFStringLmsRecipeEndpoint": "/opt-out",
  "DFStringLmsReportEndpoint": "/opt-out",
  "FStringPerformanceSendMeasurementAPISubdomain": "opt-out",
  "DFStringHttpPointsReporterUrl": "https://opt-out.roblox.com",
  "DFStringAnalyticsEventStreamUrlEndpoint": "opt-out",
  "DFStringAltHttpPointsReporterUrl": "https://opt-out.roblox.com",
  "DFStringAltTelegrafHTTPTransportUrl": "http://opt-out.roblox.com",
  "DFStringTelegrafHTTPTransportUrl": "https://opt-out.roblox.com",
  "DFStringCrashUploadToBacktraceBaseUrl": "https://opt-out.roblox.com",
  "FStringErrorUploadToBacktraceBaseUrl": "https://opt-out.roblox.com",
  "DFStringRobloxAnalyticsSubDomain": "opt-out",
  "DFStringRobloxAnalyticsURL": "https://opt-out.roblox.com",
  "DFStringAnalyticsNS1ApplicationId": "opt-out",
  "DFStringAnalyticsNS1BeaconConfig": "https://opt-out.roblox.com"
}