<roblox xmlns:xmime="http://www.w3.org/2005/05/xmlmime" xmlns:xsi="http://www.w3.org/2001/XMLSchema-instance" xsi:noNamespaceSchemaLocation="http://www.roblox.com/roblox.xsd" version="4">
	<External>null</External>
	<External>nil</External>
	<Item class="UserGameSettings" referent="RBX2ECE3A9BB25549299BC1743190FAA019">
		<Properties>
			<bool name="AllTutorialsDisabled">false</bool>
			<BinaryString name="AttributesSerialize"></BinaryString>
			<token name="CameraMode">0</token>
			<bool name="CameraYInverted">false</bool>
			<bool name="ChatVisible">false</bool>
			<string name="CompletedTutorials"></string>
			<bool name="ComputerCameraMovementChanged">false</bool>
			<token name="ComputerCameraMovementMode">0</token>
			<bool name="ComputerMovementChanged">false</bool>
			<token name="ComputerMovementMode">0</token>
			<token name="ControlMode">0</token>
			<string name="DefaultCameraID"></string>
			<bool name="Fullscreen">true</bool>
			<float name="GamepadCameraSensitivity">0.450000000</float>
			<int name="GraphicsQualityLevel">1</int>
			<bool name="HasEverUsedVR">false</bool>
			<float name="MasterVolume">0.025000000</float>
			<bool name="MicroProfilerWebServerEnabled">false</bool>
			<float name="MouseSensitivity">0.450000000</float>
			<Vector2 name="MouseSensitivityFirstPerson">
				<X>0.450000000</X>
				<Y>0.450000000</Y>
			</Vector2>
			<Vector2 name="MouseSensitivityThirdPerson">
				<X>0.450000000</X>
				<Y>0.450000000</Y>
			</Vector2>
			<string name="Name">GameSettings</string>
			<bool name="OnScreenProfilerEnabled">false</bool>
			<bool name="PerformanceStatsVisible">false</bool>
			<float name="PlayerHeight">5.5</float>
			<int name="RCCProfilerRecordFrameRate">0</int>
			<int name="RCCProfilerRecordTimeFrame">0</int>
			<token name="SavedQualityLevel">1</token>
			<int64 name="SourceAssetId">-1</int64>
			<bool name="StartMaximized">false</bool>
			<Vector2 name="StartScreenPosition">
				<X>0</X>
				<Y>0</Y>
			</Vector2>
			<Vector2 name="StartScreenSize">
				<X>1360</X>
				<Y>768</Y>
			</Vector2>
			<BinaryString name="Tags"></BinaryString>
			<bool name="TouchCameraMovementChanged">false</bool>
			<token name="TouchCameraMovementMode">0</token>
			<bool name="TouchMovementChanged">false</bool>
			<token name="TouchMovementMode">0</token>
			<bool name="UsedCoreGuiIsVisibleToggle">false</bool>
			<bool name="UsedCustomGuiIsVisibleToggle">false</bool>
			<bool name="UsedHideHudShortcut">false</bool>
			<bool name="VREnabled">false</bool>
			<token name="VRPlayMode">0</token>
			<int name="VRRotationIntensity">0</int>
			<token name="VRSafetyBubbleMode">0</token>
			<bool name="VRSmoothRotationEnabled">false</bool>
			<bool name="VignetteEnabled">false</bool>
			<string name="gaID"></string>
		</Properties>
	</Item>
</roblox>